{"cameraMode":{"drawMode":0,"name":"Shaded","section":"Shading Mode"},"sceneLighting":true,"audioPlay":false,"sceneViewState":{"m_AlwaysRefresh":false,"showFog":true,"showSkybox":true,"showFlares":true,"showImageEffects":true,"showParticleSystems":true,"showVisualEffectGraphs":true,"m_FxEnabled":true},"in2DMode":false,"pivot":{"x":-20.049148559570314,"y":-22.796558380126954,"z":-59.891746520996097},"rotation":{"x":0.02247988060116768,"y":-0.9774616956710815,"z":0.15404324233531953,"w":0.1426551640033722},"size":39.41542053222656,"orthographic":false}