{"cameraMode":{"drawMode":0,"name":"Shaded","section":"Shading Mode"},"sceneLighting":true,"audioPlay":false,"sceneViewState":{"m_AlwaysRefresh":false,"showFog":true,"showSkybox":true,"showFlares":true,"showImageEffects":true,"showParticleSystems":true,"showVisualEffectGraphs":true,"m_FxEnabled":true},"in2DMode":false,"pivot":{"x":-2.2644200325012209,"y":24.98370933532715,"z":-42.82113265991211},"rotation":{"x":0.07791994512081146,"y":-0.005981754511594772,"z":0.0004676509997807443,"w":0.9969449043273926},"size":0.015744855627417566,"orthographic":false}