{"cameraMode":{"drawMode":0,"name":"Shaded","section":"Shading Mode"},"sceneLighting":true,"audioPlay":false,"sceneViewState":{"m_AlwaysRefresh":false,"showFog":true,"showSkybox":true,"showFlares":true,"showImageEffects":true,"showParticleSystems":true,"showVisualEffectGraphs":true,"m_FxEnabled":true},"in2DMode":false,"pivot":{"x":-5.534350872039795,"y":-20.90735626220703,"z":-89.05366516113281},"rotation":{"x":0.0001653746294323355,"y":0.9939797520637512,"z":-0.10958923399448395,"w":0.0014773269649595023},"size":58.248661041259769,"orthographic":false}